INSERT INTO Faculties (name, budget_places, total_places) VALUES ('Psychology', 50, 150);
INSERT INTO Faculties (name, budget_places, total_places) VALUES ('Programming', 10, 90);
INSERT INTO Faculties (name, budget_places, total_places) VALUES ('Child development', 60, 90);
INSERT INTO Faculties (name, budget_places, total_places) VALUES ('Applied mathematics', 30, 70);
INSERT INTO Faculties (name, budget_places, total_places) VALUES ('Biology', 35, 85);
INSERT INTO Faculties (name, budget_places, total_places) VALUES ('Biochemistry', 20, 30);
INSERT INTO Faculties (name, budget_places, total_places) VALUES ('Modern Medicine', 7, 33);
INSERT INTO Faculties (name, budget_places, total_places) VALUES ('Architectural design', 65, 135);
INSERT INTO Faculties (name, budget_places, total_places) VALUES ('Physical education', 50, 100);
INSERT INTO Faculties (name, budget_places, total_places) VALUES ('Neurobiology', 25, 55);
INSERT INTO Faculties (name, budget_places, total_places) VALUES ('1Psychology', 50, 150);
INSERT INTO Faculties (name, budget_places, total_places) VALUES ('1Programming', 10, 90);
INSERT INTO Faculties (name, budget_places, total_places) VALUES ('1Child development', 60, 90);
INSERT INTO Faculties (name, budget_places, total_places) VALUES ('1Applied mathematics', 30, 70);
INSERT INTO Faculties (name, budget_places, total_places) VALUES ('1Biology', 35, 85);
INSERT INTO Faculties (name, budget_places, total_places) VALUES ('1Biochemistry', 20, 30);
INSERT INTO Faculties (name, budget_places, total_places) VALUES ('1Modern Medicine', 7, 33);
INSERT INTO Faculties (name, budget_places, total_places) VALUES ('1Architectural design', 65, 135);
INSERT INTO Faculties (name, budget_places, total_places) VALUES ('1Physical education', 50, 100);
INSERT INTO Faculties (name, budget_places, total_places) VALUES ('1Neurobiology', 25, 55);
INSERT INTO Faculties (name, budget_places, total_places) VALUES ('2Psychology', 50, 150);
INSERT INTO Faculties (name, budget_places, total_places) VALUES ('2Programming', 10, 90);
INSERT INTO Faculties (name, budget_places, total_places) VALUES ('2Child development', 60, 90);
INSERT INTO Faculties (name, budget_places, total_places) VALUES ('2Applied mathematics', 30, 70);
INSERT INTO Faculties (name, budget_places, total_places) VALUES ('2Biology', 35, 85);
INSERT INTO Faculties (name, budget_places, total_places) VALUES ('2Biochemistry', 20, 30);
INSERT INTO Faculties (name, budget_places, total_places) VALUES ('2Modern Medicine', 7, 33);
INSERT INTO Faculties (name, budget_places, total_places) VALUES ('2Architectural design', 65, 135);
INSERT INTO Faculties (name, budget_places, total_places) VALUES ('2Physical education', 50, 100);
INSERT INTO Faculties (name, budget_places, total_places) VALUES ('2Neurobiology', 25, 55);

INSERT INTO Users (id, email, password) VALUES (1, 'nr_one@test.com', 'p@ssw0rd');
INSERT INTO Users (id, email, password) VALUES (2, 'nr_two@test.com', 'p@ssw0rd');
INSERT INTO Users (id, email, password) VALUES (3, 'nr_three@test.com', 'p@ssw0rd');
INSERT INTO Users (id, email, password) VALUES (4, 'nr_four@test.com', 'p@ssw0rd');
INSERT INTO Users (id, email, password) VALUES (5, 'nr_five@test.com', 'p@ssw0rd');
INSERT INTO Users (id, email, password) VALUES (6, 'nr_six@test.com', 'p@ssw0rd');
INSERT INTO Users (id, email, password) VALUES (7, 'nr_seven@test.com', 'p@ssw0rd');
INSERT INTO Users (id, email, password) VALUES (8, 'nr_eight@test.com', 'p@ssw0rd');
INSERT INTO Users (id, email, password) VALUES (9, 'nr_nine@test.com', 'p@ssw0rd');
INSERT INTO Users (id, email, password) VALUES (10, 'nr_ten@test.com', 'p@ssw0rd');

INSERT INTO Applicants (first_name, last_name, city, region, educational_institution, user_ID) VALUES ('Adam', 'Smith', 'Gdansk', 'Pomorskie', 'UG', 1);
INSERT INTO Applicants (first_name, last_name, city, region, educational_institution, user_ID) VALUES ('Pola', 'Jones', 'Warsaw', 'Mazowiecki', 'UW', 2);
INSERT INTO Applicants (first_name, last_name, city, region, educational_institution, user_ID) VALUES ('Joe', 'Poe', 'Gdansk', 'Pomorskie', 'PG', 3);
INSERT INTO Applicants (first_name, last_name, city, region, educational_institution, user_ID) VALUES ('Donna', 'Noble', 'London', 'UK', 'UG', 4);
INSERT INTO Applicants (first_name, last_name, city, region, educational_institution, user_ID) VALUES ('Rose', 'Tyler', 'Gdansk', 'Pomorskie', 'UG', 5);
INSERT INTO Applicants (first_name, last_name, city, region, educational_institution, user_ID) VALUES ('Rory', 'Williams', 'Warsaw', 'Mazowieckie', 'PW', 6);
INSERT INTO Applicants (first_name, last_name, city, region, educational_institution, user_ID) VALUES ('John', 'Moriarty', 'Krakow', 'Małopolskie', 'UAM', 7);
INSERT INTO Applicants (first_name, last_name, city, region, educational_institution, user_ID) VALUES ('Iga', 'Swiatek', 'Warsaw', 'Mazowieckie', 'PG', 8);
INSERT INTO Applicants (first_name, last_name, city, region, educational_institution, user_ID) VALUES ('Feliks', 'Goodboy', 'Gdansk', 'Pomorskie', 'PG', 9);
INSERT INTO Applicants (first_name, last_name, city, region, educational_institution, user_ID) VALUES ('Doctor', 'Ten', 'Gallifrey', 'Universe', 'UG', 10);