INSERT INTO Faculties (name, budget_places, total_places) VALUES ('Psychology', 50, 150);
INSERT INTO Faculties (name, budget_places, total_places) VALUES ('Programming', 10, 90);
INSERT INTO Faculties (name, budget_places, total_places) VALUES ('Child development', 60, 90);
INSERT INTO Faculties (name, budget_places, total_places) VALUES ('Applied mathematics', 30, 70);
INSERT INTO Faculties (name, budget_places, total_places) VALUES ('Biology', 35, 85);
INSERT INTO Faculties (name, budget_places, total_places) VALUES ('Biochemistry', 20, 30);
INSERT INTO Faculties (name, budget_places, total_places) VALUES ('Modern Medicine', 7, 33);
INSERT INTO Faculties (name, budget_places, total_places) VALUES ('Architectural design', 65, 135);
INSERT INTO Faculties (name, budget_places, total_places) VALUES ('Physical education', 50, 100);
INSERT INTO Faculties (name, budget_places, total_places) VALUES ('Neurobiology', 25, 55);
INSERT INTO Faculties (name, budget_places, total_places) VALUES ('1Psychology', 50, 150);
INSERT INTO Faculties (name, budget_places, total_places) VALUES ('1Programming', 10, 90);
INSERT INTO Faculties (name, budget_places, total_places) VALUES ('1Child development', 60, 90);
INSERT INTO Faculties (name, budget_places, total_places) VALUES ('1Applied mathematics', 30, 70);
INSERT INTO Faculties (name, budget_places, total_places) VALUES ('1Biology', 35, 85);
INSERT INTO Faculties (name, budget_places, total_places) VALUES ('1Biochemistry', 20, 30);
INSERT INTO Faculties (name, budget_places, total_places) VALUES ('1Modern Medicine', 7, 33);
INSERT INTO Faculties (name, budget_places, total_places) VALUES ('1Architectural design', 65, 135);
INSERT INTO Faculties (name, budget_places, total_places) VALUES ('1Physical education', 50, 100);
INSERT INTO Faculties (name, budget_places, total_places) VALUES ('1Neurobiology', 25, 55);
INSERT INTO Faculties (name, budget_places, total_places) VALUES ('2Psychology', 50, 150);
INSERT INTO Faculties (name, budget_places, total_places) VALUES ('2Programming', 10, 90);
INSERT INTO Faculties (name, budget_places, total_places) VALUES ('2Child development', 60, 90);
INSERT INTO Faculties (name, budget_places, total_places) VALUES ('2Applied mathematics', 30, 70);
INSERT INTO Faculties (name, budget_places, total_places) VALUES ('2Biology', 35, 85);
INSERT INTO Faculties (name, budget_places, total_places) VALUES ('2Biochemistry', 20, 30);
INSERT INTO Faculties (name, budget_places, total_places) VALUES ('2Modern Medicine', 7, 33);
INSERT INTO Faculties (name, budget_places, total_places) VALUES ('2Architectural design', 65, 135);
INSERT INTO Faculties (name, budget_places, total_places) VALUES ('2Physical education', 50, 100);
INSERT INTO Faculties (name, budget_places, total_places) VALUES ('2Neurobiology', 25, 55);

INSERT INTO Users (id, username, email, password) VALUES (100, 'one', 'nr_one@test.com', '$argon2id$v=19$m=4096,t=3,p=1$LKuNxYF+oFtsqnzIQZ6DHw$nuybRVf4FXV77hO4AlAygnhEg4v/b4NenV0fWF7kPHg');
INSERT INTO Users (id, username, email, password) VALUES (200, 'two', 'nr_two@test.com', '$argon2id$v=19$m=4096,t=3,p=1$LKuNxYF+oFtsqnzIQZ6DHw$nuybRVf4FXV77hO4AlAygnhEg4v/b4NenV0fWF7kPHg');
INSERT INTO Users (id, username, email, password) VALUES (300, 'three', 'nr_three@test.com', '$argon2id$v=19$m=4096,t=3,p=1$LKuNxYF+oFtsqnzIQZ6DHw$nuybRVf4FXV77hO4AlAygnhEg4v/b4NenV0fWF7kPHg');
INSERT INTO Users (id, username, email, password) VALUES (400, 'four', 'nr_four@test.com', '$argon2id$v=19$m=4096,t=3,p=1$LKuNxYF+oFtsqnzIQZ6DHw$nuybRVf4FXV77hO4AlAygnhEg4v/b4NenV0fWF7kPHg');
INSERT INTO Users (id, username, email, password) VALUES (500, 'five', 'nr_five@test.com', '$argon2id$v=19$m=4096,t=3,p=1$LKuNxYF+oFtsqnzIQZ6DHw$nuybRVf4FXV77hO4AlAygnhEg4v/b4NenV0fWF7kPHg');
INSERT INTO Users (id, username, email, password) VALUES (600, 'six', 'nr_six@test.com', '$argon2id$v=19$m=4096,t=3,p=1$LKuNxYF+oFtsqnzIQZ6DHw$nuybRVf4FXV77hO4AlAygnhEg4v/b4NenV0fWF7kPHg');
INSERT INTO Users (id, username, email, password) VALUES (700, 'seven', 'nr_seven@test.com', '$argon2id$v=19$m=4096,t=3,p=1$LKuNxYF+oFtsqnzIQZ6DHw$nuybRVf4FXV77hO4AlAygnhEg4v/b4NenV0fWF7kPHg');
INSERT INTO Users (id, username, email, password) VALUES (800, 'eight', 'nr_eight@test.com', '$argon2id$v=19$m=4096,t=3,p=1$LKuNxYF+oFtsqnzIQZ6DHw$nuybRVf4FXV77hO4AlAygnhEg4v/b4NenV0fWF7kPHg');
INSERT INTO Users (id, username, email, password) VALUES (900, 'nine', 'nr_nine@test.com', '$argon2id$v=19$m=4096,t=3,p=1$LKuNxYF+oFtsqnzIQZ6DHw$nuybRVf4FXV77hO4AlAygnhEg4v/b4NenV0fWF7kPHg');
INSERT INTO Users (id, username, email, password) VALUES (1000, 'ten', 'nr_ten@test.com', '$argon2id$v=19$m=4096,t=3,p=1$LKuNxYF+oFtsqnzIQZ6DHw$nuybRVf4FXV77hO4AlAygnhEg4v/b4NenV0fWF7kPHg');
INSERT INTO Users (id, username, email, password, role) VALUES (1100, 'admin', 'admin@test.com', '$argon2id$v=19$m=4096,t=3,p=1$LKuNxYF+oFtsqnzIQZ6DHw$nuybRVf4FXV77hO4AlAygnhEg4v/b4NenV0fWF7kPHg', 'ADMIN');

INSERT INTO Applicants (first_name, last_name, city, region, educational_institution, user_ID) VALUES ('Adam', 'Smith', 'Gdansk', 'Pomorskie', 'UG', 100);
INSERT INTO Applicants (first_name, last_name, city, region, educational_institution, user_ID) VALUES ('Pola', 'Jones', 'Warsaw', 'Mazowiecki', 'UW', 200);
INSERT INTO Applicants (first_name, last_name, city, region, educational_institution, user_ID) VALUES ('Joe', 'Poe', 'Gdansk', 'Pomorskie', 'PG', 300);
INSERT INTO Applicants (first_name, last_name, city, region, educational_institution, user_ID) VALUES ('Donna', 'Noble', 'London', 'UK', 'UG', 400);
INSERT INTO Applicants (first_name, last_name, city, region, educational_institution, user_ID) VALUES ('Rose', 'Tyler', 'Gdansk', 'Pomorskie', 'UG', 500);
INSERT INTO Applicants (first_name, last_name, city, region, educational_institution, user_ID) VALUES ('Rory', 'Williams', 'Warsaw', 'Mazowieckie', 'PW', 600);
INSERT INTO Applicants (first_name, last_name, city, region, educational_institution, user_ID) VALUES ('John', 'Moriarty', 'Krakow', 'Małopolskie', 'UAM', 700);
INSERT INTO Applicants (first_name, last_name, city, region, educational_institution, user_ID) VALUES ('Iga', 'Swiatek', 'Warsaw', 'Mazowieckie', 'PG', 800);
INSERT INTO Applicants (first_name, last_name, city, region, educational_institution, user_ID) VALUES ('Feliks', 'Goodboy', 'Gdansk', 'Pomorskie', 'PG', 900);
INSERT INTO Applicants (first_name, last_name, city, region, educational_institution, user_ID) VALUES ('Doctor', 'Ten', 'Gallifrey', 'Universe', 'UG', 1000);